{"cameraMode":{"drawMode":0,"name":"Shaded","section":"Shading Mode"},"sceneLighting":true,"audioPlay":false,"sceneViewState":{"showFog":true,"showMaterialUpdate":false,"showSkybox":true,"showFlares":true,"showImageEffects":true,"showParticleSystems":true},"in2DMode":false,"pivot":{"x":-1.6859557628631592,"y":0.057996511459350589,"z":19.32904815673828},"rotation":{"x":-0.29448938369750979,"y":0.19241103529930116,"z":-0.0588386170566082,"w":-0.9349269270896912},"size":194.11215209960938,"orthographic":false}